               epoch,      train/box_loss,      train/obj_loss,      train/cls_loss,   metrics/precision,      metrics/recall,     metrics/mAP_0.5,metrics/mAP_0.5:0.95,        val/box_loss,        val/obj_loss,        val/cls_loss,               x/lr0,               x/lr1,               x/lr2
                   0,             0.12805,            0.082845,            0.037351,          0.00043667,            0.009233,          0.00024407,          4.5198e-05,            0.079507,             0.10631,            0.023534,              0.0919,              0.0009,              0.0009
                   1,             0.11364,            0.092021,            0.033094,            0.013935,              0.3489,            0.029441,           0.0058647,            0.068157,              0.1172,            0.021822,            0.082896,           0.0018962,           0.0018962
                   2,              0.1008,            0.087163,            0.030965,             0.09366,             0.25643,             0.10711,             0.02393,            0.061235,            0.093363,             0.02206,            0.073889,           0.0028885,           0.0028885
                   3,            0.094833,            0.072517,            0.030722,             0.11273,             0.35806,             0.10739,            0.029004,            0.064303,            0.089142,            0.022066,            0.064877,           0.0038768,           0.0038768
                   4,            0.087942,            0.064422,            0.027818,             0.46656,             0.36982,             0.16015,            0.050877,            0.057013,            0.087398,            0.019416,            0.055861,           0.0048612,           0.0048612
                   5,            0.090345,            0.059319,            0.027937,             0.52304,             0.34206,             0.16426,            0.033451,            0.057379,            0.072143,            0.018819,            0.046842,           0.0058416,           0.0058416
                   6,             0.09005,            0.059457,            0.026111,              0.1445,             0.31422,             0.13009,            0.032361,            0.069286,            0.073975,            0.018716,            0.037818,            0.006818,            0.006818
                   7,            0.098493,            0.055936,            0.027366,             0.51327,             0.32892,             0.16038,            0.031274,             0.07204,            0.063024,            0.018521,            0.028791,           0.0077905,           0.0077905
                   8,            0.093134,            0.050739,            0.026423,             0.40416,             0.21919,            0.078015,            0.016763,            0.062175,            0.074283,            0.018098,            0.019759,            0.008759,            0.008759
                   9,            0.092748,            0.057277,            0.027059,             0.44157,             0.45293,             0.11609,            0.043432,            0.056563,            0.066282,            0.017674,            0.010724,           0.0097236,           0.0097236
                  10,            0.086863,            0.058481,            0.025671,             0.50216,             0.22043,               0.154,            0.030311,            0.056276,            0.064929,            0.017587,            0.009802,            0.009802,            0.009802
                  11,             0.08569,            0.052571,            0.026481,             0.74329,             0.40105,             0.38469,             0.10873,            0.056791,            0.064353,            0.016672,            0.009802,            0.009802,            0.009802
                  12,             0.07821,             0.05746,            0.024393,             0.39932,             0.34521,            0.060402,            0.013747,            0.063131,            0.068299,            0.016006,           0.0097822,           0.0097822,           0.0097822
                  13,            0.078539,            0.057927,            0.023546,             0.56961,             0.52357,             0.27556,            0.076063,            0.056683,             0.07585,            0.014328,           0.0097624,           0.0097624,           0.0097624
                  14,            0.074805,            0.055152,            0.021242,              0.8389,             0.52445,             0.51083,             0.17071,            0.049704,            0.075576,            0.012456,           0.0097426,           0.0097426,           0.0097426
                  15,             0.07505,             0.05677,            0.021003,             0.75333,             0.50274,             0.44504,             0.13161,            0.050596,            0.076692,            0.010071,           0.0097228,           0.0097228,           0.0097228
                  16,            0.073856,            0.057412,            0.018155,             0.68365,             0.43871,             0.37188,            0.095852,            0.058227,             0.07998,           0.0088623,            0.009703,            0.009703,            0.009703
                  17,            0.069865,            0.058986,            0.014505,             0.77368,             0.56477,             0.53039,              0.2261,            0.047605,            0.075213,            0.007362,           0.0096832,           0.0096832,           0.0096832
                  18,            0.072029,            0.054101,            0.012916,             0.71529,             0.54446,             0.53463,             0.21553,            0.049416,            0.078123,           0.0070679,           0.0096634,           0.0096634,           0.0096634
                  19,            0.072424,            0.056628,            0.012783,              0.7012,             0.55619,             0.47162,              0.2159,            0.039562,            0.073543,           0.0065769,           0.0096436,           0.0096436,           0.0096436
                  20,            0.064656,            0.055172,            0.012223,             0.79933,             0.49247,             0.49714,              0.1555,            0.047168,            0.068471,           0.0063938,           0.0096238,           0.0096238,           0.0096238
                  21,            0.067454,            0.055786,            0.011037,              0.9473,             0.57804,             0.65945,             0.26122,            0.036935,            0.065892,           0.0059406,            0.009604,            0.009604,            0.009604
                  22,            0.061857,            0.056167,            0.010193,              0.8592,             0.57383,             0.60549,             0.23183,             0.04338,            0.072915,           0.0057095,           0.0095842,           0.0095842,           0.0095842
                  23,            0.064755,            0.056737,            0.016143,             0.86421,             0.55962,             0.63333,             0.20717,            0.045356,            0.072977,           0.0060093,           0.0095644,           0.0095644,           0.0095644
                  24,             0.06206,            0.055715,             0.01218,             0.92673,             0.58152,             0.64232,             0.25056,            0.041561,            0.071445,           0.0060299,           0.0095446,           0.0095446,           0.0095446
                  25,            0.066523,            0.056043,            0.010103,             0.93444,             0.60378,             0.67053,             0.32276,            0.031085,            0.066579,           0.0058216,           0.0095248,           0.0095248,           0.0095248
                  26,            0.061817,            0.055371,            0.010038,             0.89076,             0.56312,             0.60151,             0.25885,            0.038409,            0.068404,           0.0061638,            0.009505,            0.009505,            0.009505
                  27,            0.062135,            0.053659,           0.0093468,             0.87663,             0.57853,             0.60227,             0.27261,            0.040065,            0.070472,           0.0054611,           0.0094852,           0.0094852,           0.0094852
                  28,            0.064343,            0.053597,           0.0099647,             0.96191,             0.61081,             0.67211,             0.30465,            0.042243,            0.068305,           0.0053896,           0.0094654,           0.0094654,           0.0094654
                  29,            0.063135,            0.055229,            0.010597,              0.9285,             0.57998,             0.64422,             0.32859,             0.03643,            0.065933,           0.0049261,           0.0094456,           0.0094456,           0.0094456
                  30,            0.060832,            0.055464,           0.0079874,             0.86489,             0.59636,             0.62307,             0.30301,            0.034989,            0.064224,           0.0053341,           0.0094258,           0.0094258,           0.0094258
                  31,            0.060995,            0.055113,           0.0089341,             0.46773,             0.73096,             0.59362,             0.26622,            0.034254,            0.064671,           0.0049667,            0.009406,            0.009406,            0.009406
                  32,             0.05783,            0.054207,           0.0083359,             0.82448,             0.60355,             0.65926,             0.29528,            0.034383,            0.067718,           0.0045198,           0.0093862,           0.0093862,           0.0093862
                  33,            0.059085,            0.054111,           0.0083562,             0.94529,             0.63237,             0.68039,             0.33714,            0.030543,            0.062731,           0.0043579,           0.0093664,           0.0093664,           0.0093664
                  34,            0.057181,            0.054653,           0.0084098,             0.90312,             0.61836,             0.68776,             0.33701,            0.031585,            0.063589,           0.0043133,           0.0093466,           0.0093466,           0.0093466
                  35,            0.054129,            0.051548,           0.0078868,              0.9176,             0.63418,               0.686,             0.34479,            0.031616,            0.062654,           0.0044872,           0.0093268,           0.0093268,           0.0093268
                  36,            0.056145,            0.054376,           0.0069538,             0.95371,             0.59704,             0.70139,             0.29676,            0.040771,            0.065009,           0.0038195,            0.009307,            0.009307,            0.009307
                  37,            0.058663,            0.054911,           0.0080229,             0.73015,             0.73342,             0.71713,             0.34573,            0.030932,            0.063592,           0.0039293,           0.0092872,           0.0092872,           0.0092872
                  38,             0.05516,            0.054338,            0.006631,             0.64709,             0.67885,             0.67927,             0.33673,            0.031309,            0.062922,           0.0039265,           0.0092674,           0.0092674,           0.0092674
                  39,            0.055299,            0.054379,           0.0074185,             0.66452,             0.72119,             0.70645,             0.32386,            0.037183,            0.064515,           0.0038074,           0.0092476,           0.0092476,           0.0092476
                  40,            0.057734,            0.052132,           0.0064472,              0.8204,             0.71058,              0.7199,              0.3125,            0.036399,            0.063891,           0.0038681,           0.0092278,           0.0092278,           0.0092278
                  41,            0.055033,            0.052481,           0.0059802,             0.65162,             0.65432,             0.66134,             0.28074,            0.032625,            0.062492,           0.0037365,            0.009208,            0.009208,            0.009208
                  42,            0.060265,            0.056931,           0.0069559,             0.66047,             0.67956,             0.67785,             0.34111,            0.031406,            0.062443,           0.0036701,           0.0091882,           0.0091882,           0.0091882
                  43,            0.058328,            0.054382,           0.0076391,             0.77843,             0.69446,             0.70966,             0.32643,            0.032655,             0.06236,           0.0037508,           0.0091684,           0.0091684,           0.0091684
                  44,            0.058071,            0.055381,           0.0081981,             0.74031,             0.71097,             0.70238,             0.31877,             0.03508,            0.063103,           0.0039757,           0.0091486,           0.0091486,           0.0091486
                  45,            0.051974,            0.055068,           0.0083527,             0.76755,             0.69929,              0.7151,             0.37047,            0.028159,            0.060977,           0.0035391,           0.0091288,           0.0091288,           0.0091288
                  46,            0.054584,            0.052125,           0.0057602,             0.70932,              0.6707,             0.69313,             0.33736,            0.032176,            0.061334,            0.003899,            0.009109,            0.009109,            0.009109
                  47,            0.056086,            0.053403,           0.0060801,             0.89619,             0.73166,             0.75145,             0.37357,            0.026862,             0.06123,           0.0047911,           0.0090892,           0.0090892,           0.0090892
                  48,            0.051245,            0.053543,           0.0067834,             0.82908,             0.69882,              0.7356,             0.37522,            0.031174,            0.060871,           0.0042475,           0.0090694,           0.0090694,           0.0090694
                  49,            0.052253,             0.05341,           0.0061411,             0.77011,             0.71118,             0.70941,             0.36828,            0.028343,            0.060565,           0.0038395,           0.0090496,           0.0090496,           0.0090496
                  50,            0.050197,            0.051039,            0.005808,             0.85308,             0.70645,             0.71844,             0.38025,            0.027721,             0.06127,           0.0035093,           0.0090298,           0.0090298,           0.0090298
                  51,            0.045318,            0.052156,           0.0047044,             0.71616,             0.69503,             0.67234,             0.32624,            0.032564,            0.061808,           0.0034264,             0.00901,             0.00901,             0.00901
                  52,            0.053813,            0.051901,            0.005988,             0.80415,             0.71728,             0.72495,             0.34306,            0.029131,            0.061663,           0.0033577,           0.0089902,           0.0089902,           0.0089902
                  53,            0.053555,            0.054264,           0.0061602,             0.66054,             0.73031,             0.66671,             0.33235,            0.032848,            0.062335,            0.003721,           0.0089704,           0.0089704,           0.0089704
                  54,            0.052152,            0.051325,           0.0051674,              0.8797,             0.73289,             0.75399,             0.35897,            0.030383,            0.062072,           0.0036896,           0.0089506,           0.0089506,           0.0089506
                  55,            0.050116,             0.05271,           0.0074005,             0.82542,             0.73514,             0.72635,             0.33118,            0.027991,            0.061666,           0.0038887,           0.0089308,           0.0089308,           0.0089308
                  56,            0.052377,             0.04992,           0.0060675,             0.81766,             0.68994,             0.70385,             0.35374,            0.026351,            0.062576,           0.0080647,            0.008911,            0.008911,            0.008911
                  57,            0.050216,            0.055834,             0.00725,             0.79648,             0.72702,             0.72776,             0.36447,            0.026698,            0.060979,           0.0039883,           0.0088912,           0.0088912,           0.0088912
                  58,            0.048695,            0.053251,           0.0061704,             0.82113,             0.70534,             0.71897,             0.32802,            0.030415,             0.06263,           0.0040478,           0.0088714,           0.0088714,           0.0088714
                  59,            0.048494,            0.051166,           0.0051235,             0.85583,             0.71385,             0.73805,             0.35464,            0.033638,             0.06435,           0.0037142,           0.0088516,           0.0088516,           0.0088516
                  60,            0.053768,            0.052817,           0.0054835,             0.82028,             0.73699,             0.72943,             0.30936,             0.03383,             0.06448,            0.003404,           0.0088318,           0.0088318,           0.0088318
                  61,            0.049407,            0.052237,           0.0056824,             0.79777,              0.7514,             0.73848,             0.36658,            0.028093,            0.061753,           0.0030704,            0.008812,            0.008812,            0.008812
                  62,            0.049114,            0.050139,           0.0050285,             0.89761,             0.74467,             0.75092,             0.39252,             0.02574,            0.060014,            0.003071,           0.0087922,           0.0087922,           0.0087922
                  63,              0.0499,            0.052675,           0.0048486,             0.89129,             0.74438,             0.75252,             0.35835,            0.030556,            0.061705,           0.0029903,           0.0087724,           0.0087724,           0.0087724
                  64,            0.051735,            0.049991,           0.0054579,             0.90149,             0.73431,             0.74409,             0.35158,            0.029134,            0.062452,           0.0029863,           0.0087526,           0.0087526,           0.0087526
                  65,            0.047043,              0.0496,           0.0048783,             0.84484,             0.71522,             0.72054,             0.36744,            0.027841,            0.061466,           0.0030046,           0.0087328,           0.0087328,           0.0087328
                  66,            0.050968,            0.052097,           0.0053015,             0.82966,             0.73724,             0.73203,             0.36951,            0.030628,             0.06179,           0.0031586,            0.008713,            0.008713,            0.008713
                  67,            0.047617,            0.052503,           0.0048255,             0.81796,             0.73391,             0.72583,             0.34836,            0.028395,            0.061168,           0.0032427,           0.0086932,           0.0086932,           0.0086932
                  68,            0.046571,            0.052973,           0.0046909,             0.83456,             0.73902,                0.74,             0.36589,            0.028553,            0.062442,           0.0032164,           0.0086734,           0.0086734,           0.0086734
                  69,            0.049275,            0.051989,           0.0049796,             0.86645,             0.73373,             0.74625,             0.34801,            0.029899,            0.062009,           0.0032433,           0.0086536,           0.0086536,           0.0086536
                  70,            0.050781,            0.051057,           0.0051845,              0.8421,             0.69985,              0.6982,             0.30604,            0.032059,            0.063692,           0.0031523,           0.0086338,           0.0086338,           0.0086338
                  71,            0.049023,              0.0528,           0.0074038,             0.82062,             0.74197,             0.72726,             0.37431,            0.026424,            0.061622,           0.0030212,            0.008614,            0.008614,            0.008614
                  72,            0.051672,            0.051714,           0.0059853,             0.83854,             0.74302,             0.74611,              0.3679,            0.028403,            0.061884,           0.0030693,           0.0085942,           0.0085942,           0.0085942
                  73,            0.046879,            0.050641,            0.005563,                0.81,              0.7605,             0.74059,             0.37171,            0.026788,            0.060748,           0.0030499,           0.0085744,           0.0085744,           0.0085744
                  74,            0.051692,            0.052501,           0.0058976,             0.75895,             0.73213,             0.71297,             0.36181,            0.027367,            0.061009,            0.003031,           0.0085546,           0.0085546,           0.0085546
                  75,            0.045292,            0.051182,           0.0048792,             0.83948,              0.7127,             0.72294,             0.35878,            0.027741,            0.061569,           0.0031105,           0.0085348,           0.0085348,           0.0085348
                  76,            0.044232,            0.050822,           0.0041605,             0.78475,             0.68987,             0.69482,             0.35115,            0.026726,            0.062027,           0.0034796,            0.008515,            0.008515,            0.008515
                  77,            0.046405,            0.049328,           0.0049084,             0.85771,             0.72437,             0.73412,             0.36377,            0.031017,            0.062285,           0.0031734,           0.0084952,           0.0084952,           0.0084952
                  78,            0.048241,            0.048624,            0.005055,             0.83233,             0.72825,              0.7249,             0.36212,            0.027951,              0.0609,           0.0032415,           0.0084754,           0.0084754,           0.0084754
                  79,            0.047218,             0.05231,           0.0040544,              0.7828,             0.69332,             0.70067,             0.32626,            0.029586,            0.062845,            0.003154,           0.0084556,           0.0084556,           0.0084556
                  80,            0.045544,             0.04798,           0.0045806,             0.78263,             0.69489,             0.70258,             0.35098,             0.02828,            0.061509,            0.003041,           0.0084358,           0.0084358,           0.0084358
                  81,             0.04517,            0.049575,           0.0042833,             0.78561,             0.71187,             0.70926,             0.36639,            0.029109,            0.062094,           0.0029755,            0.008416,            0.008416,            0.008416
                  82,            0.048436,            0.050941,           0.0044969,             0.85229,             0.73532,             0.73518,             0.35634,            0.029362,            0.062165,           0.0029737,           0.0083962,           0.0083962,           0.0083962
                  83,             0.04727,            0.050996,           0.0070928,             0.81969,             0.71506,             0.72209,             0.34073,            0.027306,            0.061727,           0.0030041,           0.0083764,           0.0083764,           0.0083764
                  84,            0.048279,            0.051841,           0.0061275,             0.82799,             0.72264,             0.71191,             0.34423,            0.030112,            0.062076,           0.0031202,           0.0083566,           0.0083566,           0.0083566
                  85,            0.046623,            0.049036,           0.0061897,             0.85918,             0.71125,             0.73713,             0.37545,            0.025929,            0.060445,           0.0029989,           0.0083368,           0.0083368,           0.0083368
                  86,            0.048353,            0.050945,           0.0053719,             0.84701,             0.71779,             0.74504,             0.38224,            0.026726,            0.061473,           0.0031534,            0.008317,            0.008317,            0.008317
                  87,            0.045034,            0.051306,           0.0043774,             0.79812,             0.70658,             0.71549,              0.3415,            0.028539,            0.061354,           0.0030478,           0.0082972,           0.0082972,           0.0082972
                  88,            0.046068,            0.051566,           0.0053324,             0.83491,              0.7356,             0.74769,             0.38647,            0.028037,            0.060512,           0.0030636,           0.0082774,           0.0082774,           0.0082774
                  89,            0.042094,            0.050525,           0.0038326,             0.84937,             0.74519,             0.75039,             0.38513,            0.027111,            0.061493,           0.0030009,           0.0082576,           0.0082576,           0.0082576
                  90,            0.042573,            0.050891,           0.0037132,             0.84508,             0.71569,             0.73352,             0.36689,            0.028064,            0.062832,           0.0029251,           0.0082378,           0.0082378,           0.0082378
                  91,            0.047004,            0.052155,           0.0046975,             0.91461,             0.74273,             0.74621,             0.38918,            0.026191,            0.060046,           0.0029469,            0.008218,            0.008218,            0.008218
                  92,             0.04756,            0.049912,           0.0041239,             0.89107,             0.73615,             0.74137,             0.38217,             0.02536,            0.060722,           0.0030315,           0.0081982,           0.0081982,           0.0081982
                  93,            0.046413,            0.047713,           0.0045441,             0.75568,             0.67239,             0.68959,             0.35442,            0.028419,            0.060773,           0.0030845,           0.0081784,           0.0081784,           0.0081784
                  94,            0.046792,            0.052431,           0.0043791,             0.92877,             0.73025,             0.74894,             0.35645,            0.028553,            0.061764,            0.002982,           0.0081586,           0.0081586,           0.0081586
                  95,            0.043749,            0.051144,           0.0041873,             0.80492,             0.69729,             0.70865,             0.34759,             0.02762,            0.062281,           0.0028052,           0.0081388,           0.0081388,           0.0081388
                  96,            0.043774,            0.050105,           0.0040473,             0.74784,             0.71737,             0.70174,             0.34789,            0.028119,            0.062677,           0.0028221,            0.008119,            0.008119,            0.008119
                  97,            0.046134,            0.049974,           0.0046696,             0.88305,             0.73274,             0.73779,             0.35469,            0.030229,            0.062436,            0.002815,           0.0080992,           0.0080992,           0.0080992
                  98,            0.043879,            0.050591,           0.0043787,             0.83083,             0.71341,             0.71746,             0.30843,            0.028273,            0.062307,           0.0028507,           0.0080794,           0.0080794,           0.0080794
                  99,            0.047189,            0.049424,           0.0040144,             0.80676,             0.68378,             0.69274,             0.29254,            0.033628,            0.064978,           0.0031408,           0.0080596,           0.0080596,           0.0080596
                 100,            0.044831,            0.050869,           0.0050122,             0.72782,             0.67167,             0.67225,             0.30498,            0.030414,            0.063978,           0.0035099,           0.0080398,           0.0080398,           0.0080398
                 101,            0.045424,            0.050149,           0.0048337,             0.82073,             0.74923,             0.72758,             0.37021,            0.026463,            0.061612,           0.0029483,             0.00802,             0.00802,             0.00802
                 102,            0.043042,            0.052216,           0.0057795,             0.82712,             0.75019,             0.73269,             0.37186,            0.026923,            0.061042,           0.0029291,           0.0080002,           0.0080002,           0.0080002
                 103,            0.044537,             0.04884,           0.0053829,             0.77543,             0.72039,             0.70254,             0.35007,            0.027238,            0.062192,           0.0029108,           0.0079804,           0.0079804,           0.0079804
                 104,            0.045747,            0.051112,           0.0042436,             0.80434,             0.72473,             0.72027,             0.34952,            0.026914,            0.061315,           0.0029749,           0.0079606,           0.0079606,           0.0079606
                 105,            0.043076,            0.050772,           0.0039171,             0.75815,             0.68651,             0.70497,             0.34236,            0.026813,            0.061141,           0.0030464,           0.0079408,           0.0079408,           0.0079408
                 106,            0.045977,            0.048589,           0.0042871,             0.86979,             0.71842,             0.72757,             0.35485,            0.026103,            0.061135,           0.0028914,            0.007921,            0.007921,            0.007921
                 107,            0.043022,            0.049257,           0.0046367,             0.78202,             0.68559,             0.68783,             0.31409,            0.030743,            0.064616,           0.0029228,           0.0079012,           0.0079012,           0.0079012
                 108,            0.042777,            0.049359,           0.0042021,             0.79324,             0.66819,             0.68012,             0.32347,            0.029095,            0.062736,            0.003055,           0.0078814,           0.0078814,           0.0078814
                 109,             0.04141,            0.049896,           0.0038497,             0.66483,             0.74573,             0.68314,              0.3157,            0.030072,            0.064868,           0.0028367,           0.0078616,           0.0078616,           0.0078616
                 110,            0.044287,            0.051538,           0.0040313,             0.80232,             0.72181,             0.71735,              0.3454,            0.029085,            0.063396,            0.002718,           0.0078418,           0.0078418,           0.0078418
                 111,             0.04268,            0.049026,           0.0049155,              0.7627,             0.73294,             0.72062,             0.35493,            0.026269,            0.062197,           0.0028141,            0.007822,            0.007822,            0.007822
                 112,            0.041189,             0.04812,           0.0035353,             0.84437,             0.71205,             0.73208,             0.36538,            0.026497,            0.063156,           0.0028999,           0.0078022,           0.0078022,           0.0078022
                 113,            0.045021,            0.047151,           0.0047206,             0.85666,             0.73623,             0.75229,             0.36708,            0.025711,            0.063151,           0.0031157,           0.0077824,           0.0077824,           0.0077824
                 114,            0.044307,            0.047339,           0.0036383,             0.76191,             0.72581,              0.7255,             0.36165,            0.027754,            0.062994,           0.0032135,           0.0077626,           0.0077626,           0.0077626
                 115,            0.042869,            0.050842,           0.0048392,             0.82688,              0.7194,             0.72911,             0.36711,            0.026612,            0.062606,           0.0035007,           0.0077428,           0.0077428,           0.0077428
                 116,            0.042447,            0.049162,            0.004322,             0.78552,             0.69953,             0.70675,             0.36077,            0.027148,            0.062696,           0.0033022,            0.007723,            0.007723,            0.007723
                 117,            0.041474,             0.04795,           0.0046472,             0.78189,             0.70476,             0.72232,             0.36041,            0.027781,            0.063678,           0.0032661,           0.0077032,           0.0077032,           0.0077032
                 118,            0.044418,            0.047944,           0.0041681,             0.76816,             0.71399,             0.72588,             0.35887,            0.027307,            0.063633,           0.0033291,           0.0076834,           0.0076834,           0.0076834
                 119,            0.041858,            0.048014,           0.0046963,             0.71939,             0.75811,             0.71936,             0.36709,            0.026034,            0.062385,           0.0036106,           0.0076636,           0.0076636,           0.0076636
                 120,            0.040686,            0.047012,           0.0044929,             0.80127,             0.71731,             0.72305,             0.36995,            0.026507,            0.062323,           0.0036793,           0.0076438,           0.0076438,           0.0076438
                 121,            0.041482,            0.047844,           0.0045467,             0.71243,             0.67328,             0.67019,             0.34975,            0.026052,            0.062987,           0.0030416,            0.007624,            0.007624,            0.007624
                 122,            0.044206,              0.0486,           0.0042291,             0.75922,             0.68929,             0.69516,             0.35816,            0.026783,            0.063997,           0.0031334,           0.0076042,           0.0076042,           0.0076042
                 123,            0.042187,            0.049286,           0.0034927,               0.748,             0.71941,             0.69252,             0.33775,            0.027362,            0.063649,           0.0028934,           0.0075844,           0.0075844,           0.0075844
                 124,            0.042763,            0.049203,           0.0036918,             0.81233,             0.71288,             0.70541,             0.31762,            0.030662,            0.064579,           0.0029657,           0.0075646,           0.0075646,           0.0075646
                 125,            0.043309,            0.048486,           0.0036608,             0.79626,             0.72628,             0.72179,             0.37107,            0.025954,            0.061835,           0.0036507,           0.0075448,           0.0075448,           0.0075448
                 126,            0.042669,            0.053756,           0.0041401,              0.8265,             0.73491,             0.72934,             0.37421,            0.026122,            0.061489,           0.0036581,            0.007525,            0.007525,            0.007525
                 127,            0.042558,            0.049524,            0.005713,              0.7789,             0.73061,               0.722,             0.36241,            0.027678,            0.062287,           0.0037863,           0.0075052,           0.0075052,           0.0075052
                 128,            0.042922,            0.045702,            0.003547,             0.78261,             0.70432,             0.72496,             0.37105,            0.026805,            0.061317,           0.0039385,           0.0074854,           0.0074854,           0.0074854
                 129,            0.041478,            0.048046,           0.0034346,             0.83317,             0.70711,             0.73779,             0.36911,            0.026459,            0.062094,           0.0036999,           0.0074656,           0.0074656,           0.0074656
                 130,            0.038961,            0.046586,           0.0033542,             0.81418,             0.71093,             0.71994,             0.35806,            0.027506,            0.062684,           0.0033588,           0.0074458,           0.0074458,           0.0074458
                 131,            0.041773,            0.050419,           0.0033549,             0.76226,              0.7416,             0.72065,             0.36783,            0.025602,             0.06158,           0.0029838,            0.007426,            0.007426,            0.007426
                 132,            0.042812,            0.048255,           0.0039187,             0.76451,             0.72243,               0.707,             0.35522,            0.026857,             0.06269,           0.0029637,           0.0074062,           0.0074062,           0.0074062
                 133,             0.03845,            0.047875,           0.0034149,             0.75643,             0.72355,             0.71353,             0.36623,            0.025809,            0.062493,           0.0027263,           0.0073864,           0.0073864,           0.0073864
                 134,            0.041535,             0.04728,           0.0033992,             0.79427,              0.7349,              0.7298,             0.36356,            0.026042,            0.063489,           0.0026779,           0.0073666,           0.0073666,           0.0073666
                 135,            0.040011,            0.048986,           0.0041666,             0.75899,             0.72388,             0.70704,             0.34371,            0.026868,            0.064406,           0.0029806,           0.0073468,           0.0073468,           0.0073468
                 136,            0.041408,             0.05054,           0.0049479,             0.79647,             0.72632,             0.71208,             0.35053,            0.029236,            0.065067,           0.0028167,            0.007327,            0.007327,            0.007327
                 137,            0.042012,            0.049418,           0.0044737,             0.82513,             0.71377,             0.72439,             0.32744,            0.029467,            0.065535,           0.0033205,           0.0073072,           0.0073072,           0.0073072
                 138,            0.040489,            0.049925,           0.0037346,             0.79407,             0.69242,              0.6996,             0.34433,            0.028712,            0.064777,            0.003285,           0.0072874,           0.0072874,           0.0072874
                 139,             0.04061,            0.046626,           0.0036604,             0.68869,             0.67399,              0.6532,             0.35593,             0.02516,            0.062995,           0.0028825,           0.0072676,           0.0072676,           0.0072676
                 140,            0.040092,            0.047672,           0.0038577,             0.71914,             0.67709,             0.67617,             0.36416,            0.026085,            0.063095,            0.003134,           0.0072478,           0.0072478,           0.0072478
                 141,            0.041592,             0.04895,           0.0041113,             0.68936,             0.66167,              0.6536,             0.35233,            0.025524,            0.063273,            0.003966,            0.007228,            0.007228,            0.007228
                 142,            0.040974,            0.048211,           0.0036992,              0.7193,             0.67934,             0.66652,             0.34462,            0.026386,            0.063921,            0.003915,           0.0072082,           0.0072082,           0.0072082
                 143,            0.037508,            0.046811,           0.0044582,             0.63818,             0.66255,             0.65242,             0.32547,            0.027766,            0.063906,           0.0035185,           0.0071884,           0.0071884,           0.0071884
                 144,            0.040606,            0.047493,           0.0039388,             0.76143,             0.70963,             0.70006,             0.35308,            0.026768,            0.063211,            0.003186,           0.0071686,           0.0071686,           0.0071686
                 145,            0.039674,            0.045759,           0.0038008,             0.64174,             0.68904,             0.66436,             0.33744,            0.026809,            0.064231,           0.0030693,           0.0071488,           0.0071488,           0.0071488
                 146,            0.039356,            0.048366,           0.0034985,             0.71897,             0.69245,             0.68534,             0.35023,            0.026249,            0.063842,           0.0030138,            0.007129,            0.007129,            0.007129
                 147,            0.037775,            0.047751,           0.0036123,             0.73858,             0.72135,              0.6923,             0.35292,            0.025448,            0.063235,           0.0029357,           0.0071092,           0.0071092,           0.0071092
                 148,            0.039892,            0.046611,           0.0045876,              0.7335,             0.71116,              0.6834,             0.33831,            0.026783,            0.063183,           0.0028702,           0.0070894,           0.0070894,           0.0070894
                 149,            0.037474,            0.049312,           0.0057793,             0.83969,             0.73702,             0.71785,             0.35205,            0.026682,            0.063611,           0.0026579,           0.0070696,           0.0070696,           0.0070696
                 150,            0.040802,            0.048365,           0.0040084,             0.85519,             0.73031,             0.72801,             0.35789,            0.027572,             0.06413,           0.0026994,           0.0070498,           0.0070498,           0.0070498
                 151,            0.038817,            0.045622,           0.0035736,             0.80198,             0.71223,             0.69653,             0.35808,            0.025378,            0.063225,             0.00271,             0.00703,             0.00703,             0.00703
                 152,            0.040842,            0.047191,           0.0055552,             0.71179,             0.71179,             0.67225,               0.336,            0.026472,            0.063673,           0.0026339,           0.0070102,           0.0070102,           0.0070102
                 153,            0.037798,            0.046877,           0.0035438,             0.82313,             0.72302,             0.72313,             0.37266,            0.026201,            0.063649,           0.0027646,           0.0069904,           0.0069904,           0.0069904
                 154,             0.03884,            0.047875,           0.0044054,             0.87041,             0.68639,             0.72586,             0.37973,            0.025273,            0.063589,           0.0031683,           0.0069706,           0.0069706,           0.0069706
                 155,            0.038651,             0.04995,           0.0034175,             0.81891,             0.68869,             0.71138,             0.37361,            0.026082,            0.064415,           0.0033268,           0.0069508,           0.0069508,           0.0069508
                 156,            0.042472,            0.046389,           0.0031439,             0.73448,             0.69851,             0.70667,             0.36304,            0.026476,            0.064025,           0.0032215,            0.006931,            0.006931,            0.006931
                 157,            0.042543,            0.044168,           0.0034898,             0.78509,             0.68559,             0.71086,             0.36785,             0.02561,            0.062722,           0.0030888,           0.0069112,           0.0069112,           0.0069112
                 158,            0.041347,            0.047378,           0.0038756,             0.79216,             0.68139,             0.70271,              0.3514,            0.028123,            0.063746,           0.0032782,           0.0068914,           0.0068914,           0.0068914
                 159,            0.041092,            0.047255,           0.0033644,             0.77145,             0.67809,             0.69922,             0.36155,            0.026057,            0.062998,           0.0033194,           0.0068716,           0.0068716,           0.0068716
                 160,            0.038661,            0.048309,           0.0036217,             0.76696,             0.68729,             0.69031,             0.35981,            0.025774,            0.062904,           0.0031918,           0.0068518,           0.0068518,           0.0068518
                 161,            0.039566,            0.049082,           0.0035566,              0.7708,             0.69864,             0.68662,             0.35712,            0.024852,            0.062925,           0.0030081,            0.006832,            0.006832,            0.006832
                 162,            0.037801,            0.044362,           0.0039862,             0.77503,             0.70876,             0.70704,             0.35497,            0.025923,            0.063909,           0.0029428,           0.0068122,           0.0068122,           0.0068122
